{
    "data/test_images/pose/lean.jpg": {
        "label": "低头",
        "score": 0.2259269803762436,
        "body_bbox": [
            217,
            423,
            819,
            1420
        ]
    },
    "data/test_images/pose/lopsided.jpg": {
        "label": "低头",
        "score": 0.2264324277639389,
        "body_bbox": [
            170,
            396,
            811,
            1831
        ]
    },
    "data/test_images/pose/chin.jpg": {
        "label": "低头",
        "score": 0.22594481706619263,
        "body_bbox": [
            298,
            390,
            710,
            1572
        ]
    },
    "data/test_images/pose/down.jpg": {
        "label": "低头",
        "score": 0.2284802794456482,
        "body_bbox": [
            332,
            521,
            807,
            994
        ]
    },
    "data/test_images/pose/normal.jpg": {
        "label": "低头",
        "score": 0.2266843318939209,
        "body_bbox": [
            244,
            478,
            832,
            1198
        ]
    }
}